Municipalité,CDNAME,Région
Alleyn-et-Cawood,Pontiac,7
Aumond,La Vallée-de-la-Gatineau,7
Blue Sea,La Vallée-de-la-Gatineau,7
Boileau,Papineau,7
Bois-Franc,La Vallée-de-la-Gatineau,7
Bouchette,La Vallée-de-la-Gatineau,7
Bowman,Papineau,7
Bristol,Pontiac,7
Bryson,Pontiac,7
Campbell's Bay,Pontiac,7
Cantley,Les Collines-de-l'Outaouais,7
Cascades-Malignes,La Vallée-de-la-Gatineau,7
Cayamant,La Vallée-de-la-Gatineau,7
Chelsea,Les Collines-de-l'Outaouais,7
Chichester,Pontiac,7
Chénéville,Papineau,7
Clarendon,Pontiac,7
Denholm,La Vallée-de-la-Gatineau,7
Duhamel,Papineau,7
Déléage,La Vallée-de-la-Gatineau,7
Dépôt-Échouani,La Vallée-de-la-Gatineau,7
Egan-Sud,La Vallée-de-la-Gatineau,7
Fassett,Papineau,7
Fort-Coulonge,Pontiac,7
Gatineau,Gatineau,7
Gracefield,La Vallée-de-la-Gatineau,7
Grand-Remous,La Vallée-de-la-Gatineau,7
Kazabazua,La Vallée-de-la-Gatineau,7
Kitigan Zibi,La Vallée-de-la-Gatineau,7
L'Ange-Gardien,Les Collines-de-l'Outaouais,7
L'Isle-aux-Allumettes,Pontiac,7
L'Île-du-Grand-Calumet,Pontiac,7
La Pêche,Les Collines-de-l'Outaouais,7
Lac-Lenôtre,La Vallée-de-la-Gatineau,7
Lac-Moselle,La Vallée-de-la-Gatineau,7
Lac-Nilgaut,Pontiac,7
Lac-Pythonga,La Vallée-de-la-Gatineau,7
Lac-Rapide,La Vallée-de-la-Gatineau,7
Lac-Sainte-Marie,La Vallée-de-la-Gatineau,7
Lac-Simon,Papineau,7
Lac-des-Plages,Papineau,7
Litchfield,Pontiac,7
Lochaber,Papineau,7
Lochaber-Partie-Ouest,Papineau,7
Low,La Vallée-de-la-Gatineau,7
Maniwaki,La Vallée-de-la-Gatineau,7
Mansfield-et-Pontefract,Pontiac,7
Mayo,Papineau,7
Messines,La Vallée-de-la-Gatineau,7
Montcerf-Lytton,La Vallée-de-la-Gatineau,7
Montebello,Papineau,7
Montpellier,Papineau,7
Mulgrave-et-Derry,Papineau,7
Namur,Papineau,7
Notre-Dame-de-Bonsecours,Papineau,7
Notre-Dame-de-la-Paix,Papineau,7
Notre-Dame-de-la-Salette,Papineau,7
Otter Lake,Pontiac,7
Papineauville,Papineau,7
Plaisance,Papineau,7
Pontiac,Les Collines-de-l'Outaouais,7
Portage-du-Fort,Pontiac,7
Rapides-des-Joachims,Pontiac,7
Ripon,Papineau,7
Saint-André-Avellin,Papineau,7
Saint-Sixte,Papineau,7
Saint-Émile-de-Suffolk,Papineau,7
Sainte-Thérèse-de-la-Gatineau,La Vallée-de-la-Gatineau,7
Shawville,Pontiac,7
Sheenboro,Pontiac,7
Thorne,Pontiac,7
Thurso,Papineau,7
Val-des-Bois,Papineau,7
Val-des-Monts,Les Collines-de-l'Outaouais,7
Waltham,Pontiac,7
Amherst,Les Laurentides,15
Arundel,Les Laurentides,15
Baie-des-Chaloupes,Antoine-Labelle,15
Barkmere,Les Laurentides,15
Brownsburg-Chatham,Argenteuil,15
Brébeuf,Les Laurentides,15
Chute-Saint-Philippe,Antoine-Labelle,15
Doncaster,Les Laurentides,15
Estérel,Les Pays-d'en-Haut,15
Ferme-Neuve,Antoine-Labelle,15
Gore,Argenteuil,15
Grenville,Argenteuil,15
Grenville-sur-la-Rouge,Argenteuil,15
Harrington,Argenteuil,15
Huberdeau,Les Laurentides,15
Ivry-sur-le-Lac,Les Laurentides,15
Kiamika,Antoine-Labelle,15
L'Ascension,Antoine-Labelle,15
La Conception,Les Laurentides,15
La Macaza,Antoine-Labelle,15
La Minerve,Les Laurentides,15
Labelle,Les Laurentides,15
Lac-Akonapwehikan,Antoine-Labelle,15
Lac-Bazinet,Antoine-Labelle,15
Lac-De La Bidière,Antoine-Labelle,15
Lac-Douaire,Antoine-Labelle,15
Lac-Ernest,Antoine-Labelle,15
Lac-Marguerite,Antoine-Labelle,15
Lac-Oscar,Antoine-Labelle,15
Lac-Saguay,Antoine-Labelle,15
Lac-Saint-Paul,Antoine-Labelle,15
Lac-Supérieur,Les Laurentides,15
Lac-Tremblant-Nord,Les Laurentides,15
Lac-Wagwabika,Antoine-Labelle,15
Lac-de-la-Maison-de-Pierre,Antoine-Labelle,15
Lac-de-la-Pomme,Antoine-Labelle,15
Lac-des-Seize-Îles,Les Pays-d'en-Haut,15
Lac-des-Écorces,Antoine-Labelle,15
Lac-du-Cerf,Antoine-Labelle,15
Lachute,Argenteuil,15
Lantier,Les Laurentides,15
Mille-Isles,Argenteuil,15
Mont-Blanc,Les Laurentides,15
Mont-Laurier,Antoine-Labelle,15
Mont-Saint-Michel,Antoine-Labelle,15
Mont-Tremblant,Les Laurentides,15
Montcalm,Les Laurentides,15
Nominingue,Antoine-Labelle,15
Notre-Dame-de-Pontmain,Antoine-Labelle,15
Notre-Dame-du-Laus,Antoine-Labelle,15
Piedmont,Les Pays-d'en-Haut,15
Prévost,La Rivière-du-Nord,15
Rivière-Rouge,Antoine-Labelle,15
Saint-Adolphe-d'Howard,Les Pays-d'en-Haut,15
Saint-Aimé-du-Lac-des-Îles,Antoine-Labelle,15
Saint-André-d'Argenteuil,Argenteuil,15
Saint-Colomban,La Rivière-du-Nord,15
Saint-Faustin-Lac-Carré,Les Laurentides,15
Saint-Hippolyte,La Rivière-du-Nord,15
Saint-Jérôme,La Rivière-du-Nord,15
Saint-Sauveur,Les Pays-d'en-Haut,15
Sainte-Adèle,Les Pays-d'en-Haut,15
Sainte-Agathe-des-Monts,Les Laurentides,15
Sainte-Anne-des-Lacs,Les Pays-d'en-Haut,15
Sainte-Anne-du-Lac,Antoine-Labelle,15
Sainte-Lucie-des-Laurentides,Les Laurentides,15
Sainte-Marguerite-du-Lac-Masson,Les Pays-d'en-Haut,15
Sainte-Sophie,La Rivière-du-Nord,15
Val-David,Les Laurentides,15
Val-Morin,Les Laurentides,15
Val-des-Lacs,Les Laurentides,15
Wentworth,Argenteuil,15
Wentworth-Nord,Les Pays-d'en-Haut,15
Acton Vale,Acton,16
Akwesasne,Le Haut-Saint-Laurent,16
Akwesasne (partie),Le Haut-Saint-Laurent,16
Ange-Gardien,Rouville,16
Beauharnois,Beauharnois-Salaberry,16
Béthanie,Acton,16
Clarenceville,Le Haut-Richelieu,16
Dundee,Le Haut-Saint-Laurent,16
Elgin,Le Haut-Saint-Laurent,16
Franklin,Le Haut-Saint-Laurent,16
Godmanchester,Le Haut-Saint-Laurent,16
Havelock,Le Haut-Saint-Laurent,16
Hemmingford,Les Jardins-de-Napierville,16
Henryville,Le Haut-Richelieu,16
Hinchinbrooke,Le Haut-Saint-Laurent,16
Howick,Le Haut-Saint-Laurent,16
Huntingdon,Le Haut-Saint-Laurent,16
La Présentation,Les Maskoutains,16
Lacolle,Le Haut-Richelieu,16
Marieville,Rouville,16
Massueville,Pierre-De Saurel,16
Mont-Saint-Grégoire,Le Haut-Richelieu,16
Morin-Heights,Les Pays-d'en-Haut,16
Napierville,Les Jardins-de-Napierville,16
Noyan,Le Haut-Richelieu,16
Ormstown,Le Haut-Saint-Laurent,16
Richelieu,Rouville,16
Rougemont,Rouville,16
Roxton,Acton,16
Roxton Falls,Acton,16
Saint-Aimé,Pierre-De Saurel,16
Saint-Alexandre,Le Haut-Richelieu,16
Saint-Anicet,Le Haut-Saint-Laurent,16
Saint-Barnabé-Sud,Les Maskoutains,16
Saint-Bernard-de-Lacolle,Les Jardins-de-Napierville,16
Saint-Bernard-de-Michaudville,Les Maskoutains,16
Saint-Blaise-sur-Richelieu,Le Haut-Richelieu,16
Saint-Chrysostome,Le Haut-Saint-Laurent,16
Saint-Cyprien-de-Napierville,Les Jardins-de-Napierville,16
Saint-Césaire,Rouville,16
Saint-Damase,Les Maskoutains,16
Saint-David,Pierre-De Saurel,16
Saint-Dominique,Les Maskoutains,16
Saint-Georges-de-Clarenceville,Le Haut-Richelieu,16
Saint-Gérard-Majella,Pierre-De Saurel,16
Saint-Hugues,Les Maskoutains,16
Saint-Hyacinthe,Les Maskoutains,16
Saint-Jacques-le-Mineur,Les Jardins-de-Napierville,16
Saint-Jean-sur-Richelieu,Le Haut-Richelieu,16
Saint-Joseph-de-Sorel,Pierre-De Saurel,16
Saint-Jude,Les Maskoutains,16
Saint-Liboire,Les Maskoutains,16
Saint-Louis,Les Maskoutains,16
Saint-Louis-de-Gonzague,Beauharnois-Salaberry,16
Saint-Marcel-de-Richelieu,Les Maskoutains,16
Saint-Mathias-sur-Richelieu,Rouville,16
Saint-Michel,Les Jardins-de-Napierville,16
Saint-Nazaire-d'Acton,Acton,16
Saint-Ours,Pierre-De Saurel,16
Saint-Patrice-de-Sherrington,Les Jardins-de-Napierville,16
Saint-Paul-d'Abbotsford,Rouville,16
Saint-Paul-de-l'Île-aux-Noix,Le Haut-Richelieu,16
Saint-Pie,Les Maskoutains,16
Saint-Robert,Pierre-De Saurel,16
Saint-Roch-de-Richelieu,Pierre-De Saurel,16
Saint-Rémi,Les Jardins-de-Napierville,16
Saint-Simon,Les Maskoutains,16
Saint-Stanislas-de-Kostka,Beauharnois-Salaberry,16
Saint-Sébastien,Le Haut-Richelieu,16
Saint-Théodore-d'Acton,Acton,16
Saint-Urbain-Premier,Beauharnois-Salaberry,16
Saint-Valentin,Le Haut-Richelieu,16
Saint-Valérien-de-Milton,Les Maskoutains,16
Saint-Édouard,Les Jardins-de-Napierville,16
Saint-Étienne-de-Beauharnois,Beauharnois-Salaberry,16
Sainte-Angèle-de-Monnoir,Rouville,16
Sainte-Anne-de-Sabrevois,Le Haut-Richelieu,16
Sainte-Anne-de-Sorel,Pierre-De Saurel,16
Sainte-Barbe,Le Haut-Saint-Laurent,16
Sainte-Brigide-d'Iberville,Le Haut-Richelieu,16
Sainte-Christine,Acton,16
Sainte-Clotilde,Les Jardins-de-Napierville,16
Sainte-Hélène-de-Bagot,Les Maskoutains,16
Sainte-Madeleine,Les Maskoutains,16
Sainte-Marie-Madeleine,Les Maskoutains,16
Sainte-Martine,Beauharnois-Salaberry,16
Sainte-Victoire-de-Sorel,Pierre-De Saurel,16
Salaberry-de-Valleyfield,Beauharnois-Salaberry,16
Sorel-Tracy,Pierre-De Saurel,16
Très-Saint-Sacrement,Le Haut-Saint-Laurent,16
Upton,Acton,16
Venise-en-Québec,Le Haut-Richelieu,16
Yamaska,Pierre-De Saurel,16